"SPName","FoundInCSharp","CSharpFiles"
"sp_AssignStudentToSection","True","G:\PROJECT .NET\SchoolMS\clonelatest\Services\Implementations\Academic\SectionService.cs"
"sp_GetAcademicClassReport","False",""
"sp_GetAcademicSectionReport","False",""
"sp_GetAcademicYearList","True","G:\PROJECT .NET\SchoolMS\clonelatest\Repositories\Implementations\Academic\AcademicRepositories.cs"
"sp_GetClassList","True","G:\PROJECT .NET\SchoolMS\clonelatest\Repositories\Implementations\Academic\AcademicRepositories.cs"
"sp_GetSectionList","True","G:\PROJECT .NET\SchoolMS\clonelatest\Repositories\Implementations\Academic\AcademicRepositories.cs"
"sp_GetSubjectList","True","G:\PROJECT .NET\SchoolMS\clonelatest\Repositories\Implementations\Academic\AcademicRepositories.cs"
"sp_SeedClassSubjectMappings_BD","True","G:\PROJECT .NET\SchoolMS\clonelatest\Services\Implementations\Academic\ClassSubjectMappingService.cs"
"sp_GetAdmissionList","True","G:\PROJECT .NET\SchoolMS\clonelatest\Models\DTOs\Admission\AdmissionDtos.cs; G:\PROJECT .NET\SchoolMS\clonelatest\Repositories\Implementations\Admission\AdmissionRepositories.cs"
"sp_AdmissionTrendAnalysis","True","G:\PROJECT .NET\SchoolMS\clonelatest\Repositories\Implementations\Admission\AdmissionDashboardRepositories.cs"
"sp_AdmissionRevenueReport","True","G:\PROJECT .NET\SchoolMS\clonelatest\Repositories\Implementations\Admission\AdmissionDashboardRepositories.cs"
"sp_AdmissionRegisterReport","True","G:\PROJECT .NET\SchoolMS\clonelatest\Repositories\Implementations\Admission\AdmissionDashboardRepositories.cs"
"sp_AdmissionDashboard","True","G:\PROJECT .NET\SchoolMS\clonelatest\Repositories\Implementations\Admission\AdmissionDashboardRepositories.cs"
"sp_AdmissionConversionFunnel","True","G:\PROJECT .NET\SchoolMS\clonelatest\Repositories\Implementations\Admission\AdmissionDashboardRepositories.cs"
"sp_AdmissionClassDemand","True","G:\PROJECT .NET\SchoolMS\clonelatest\Repositories\Implementations\Admission\AdmissionDashboardRepositories.cs"
"sp_GetStudentList","True","G:\PROJECT .NET\SchoolMS\clonelatest\Repositories\Implementations\Students\StudentRepositories.cs"
"sp_BulkGenerateAdmitCards","False",""
"sp_GenerateAdmitCard","False",""
"sp_GetClassSummary","False",""
"sp_GetGroupSummary","False",""
"sp_GetStudentTrend","False",""
"sp_GetAbsentStudents","False",""
"sp_GetAttendanceAnalytics","True","G:\PROJECT .NET\SchoolMS\clonelatest\Repositories\Implementations\Dashboard\DashboardRepositories.cs"
"sp_GetAttendanceDashboardSummary","True","G:\PROJECT .NET\SchoolMS\clonelatest\Repositories\Implementations\Dashboard\DashboardRepositories.cs"
"sp_GetAttendanceHistory","False",""
"sp_GetAttendanceList","True","G:\PROJECT .NET\SchoolMS\clonelatest\Repositories\Implementations\Attendance\AttendanceRepositories.cs"
"sp_GetAttendanceRevisionHistory","False",""
"sp_GetAttendanceSessions","True","G:\PROJECT .NET\SchoolMS\clonelatest\Repositories\Implementations\Attendance\AttendanceSessionRepository.cs"
"sp_GetAttendanceSummary","True","G:\PROJECT .NET\SchoolMS\clonelatest\Repositories\Implementations\Attendance\AttendanceModuleRepositories.cs"
"sp_GetClassAttendanceAnalytics","True","G:\PROJECT .NET\SchoolMS\clonelatest\Repositories\Implementations\Dashboard\DashboardRepositories.cs"
"sp_GetEmployeeAttendanceAnalytics","False",""
"sp_GetEmployeeAttendanceList","True","G:\PROJECT .NET\SchoolMS\clonelatest\Repositories\Implementations\Attendance\AttendanceModuleRepositories.cs"
"sp_GetLateStudents","False",""
"sp_GetStudentAttendanceList","True","G:\PROJECT .NET\SchoolMS\clonelatest\Repositories\Implementations\Attendance\AttendanceModuleRepositories.cs"
"sp_Audit_LogAction","False",""
"SP_BackupExamResults","False",""
"SP_RestoreExamResults","False",""
"sp_GetEmployeeInvitationList","True","G:\PROJECT .NET\SchoolMS\clonelatest\Repositories\Implementations\Employee\EmployeeRepositories.cs"
"SP_ExamRoutine_GetClassRoutine","False",""
"SP_ExamRoutine_GetGuardianRoutine","False",""
"SP_ExamRoutine_GetStudentRoutine","False",""
"SP_ExamRoutine_GetTeacherRoutine","False",""
"SP_Exam_DashboardSummary","False",""
"SP_Exam_GetAllResults","False",""
"sp_GetExamComponents","False",""
"sp_GetExamDashboard","True","G:\PROJECT .NET\SchoolMS\clonelatest\Repositories\Implementations\Result\ResultRepository.cs"
"sp_GetExamList","True","G:\PROJECT .NET\SchoolMS\clonelatest\Repositories\Implementations\Result\ResultRepository.cs"
"sp_GetExamMarkStructure","False",""
"sp_GetExamScheduleList","False",""
"sp_GetGroupReport","False",""
"sp_GetMarksEntryList","True","G:\PROJECT .NET\SchoolMS\clonelatest\Repositories\Implementations\Result\MarkEntryRepository.cs"
"sp_GetSubjectMarkStructure","False",""
"sp_SaveSubjectMarkStructure","False",""
"sp_GetClassCollectionSummary","True","G:\PROJECT .NET\SchoolMS\clonelatest\Repositories\Implementations\Fees\FeeReportRepository.cs"
"sp_GetDailyCollectionReport","True","G:\PROJECT .NET\SchoolMS\clonelatest\Repositories\Implementations\Fees\FeeReportRepository.cs"
"sp_GetDiscountReport","True","G:\PROJECT .NET\SchoolMS\clonelatest\Repositories\Implementations\Fees\FeeReportRepository.cs"
"sp_GetDueReport","True","G:\PROJECT .NET\SchoolMS\clonelatest\Repositories\Implementations\Fees\FeeReportRepository.cs"
"sp_GetFeeCategoriesPaged","True","G:\PROJECT .NET\SchoolMS\clonelatest\Repositories\Implementations\Fees\FeeRepositories.cs"
"sp_GetFeeCollectionSummariesPaged","True","G:\PROJECT .NET\SchoolMS\clonelatest\Repositories\Implementations\Fees\FeeRepositories.cs"
"sp_GetFeeDashboard","True","G:\PROJECT .NET\SchoolMS\clonelatest\Repositories\Implementations\Fees\FeeDashboardRepository.cs"
"sp_GetFeeDiscountsPaged","True","G:\PROJECT .NET\SchoolMS\clonelatest\Repositories\Implementations\Fees\FeeRepositories.cs"
"sp_GetFeeInvoiceItemsPaged","True","G:\PROJECT .NET\SchoolMS\clonelatest\Repositories\Implementations\Fees\FeeRepositories.cs"
"sp_GetFeeInvoiceList","True","G:\PROJECT .NET\SchoolMS\clonelatest\Repositories\Implementations\Fees\FeeRepositories.cs"
"sp_GetFeeLedgerPaged","True","G:\PROJECT .NET\SchoolMS\clonelatest\Repositories\Implementations\Fees\FeeRepositories.cs"
"sp_GetFeePaymentsPaged","True","G:\PROJECT .NET\SchoolMS\clonelatest\Repositories\Implementations\Fees\FeeRepositories.cs"
"sp_GetFeeRefundsPaged","True","G:\PROJECT .NET\SchoolMS\clonelatest\Repositories\Implementations\Fees\FeeRepositories.cs"
"sp_GetFeeStructureList","True","G:\PROJECT .NET\SchoolMS\clonelatest\Repositories\Implementations\Fees\FeeRepositories.cs"
"sp_GetFeeWaiversPaged","True","G:\PROJECT .NET\SchoolMS\clonelatest\Repositories\Implementations\Fees\FeeRepositories.cs"
"sp_GetFineRulesPaged","True","G:\PROJECT .NET\SchoolMS\clonelatest\Repositories\Implementations\Fees\FeeRepositories.cs"
"sp_GetLateFeeRulesPaged","True","G:\PROJECT .NET\SchoolMS\clonelatest\Repositories\Implementations\Fees\FeeRepositories.cs"
"sp_GetMonthlyCollectionReport","True","G:\PROJECT .NET\SchoolMS\clonelatest\Repositories\Implementations\Fees\FeeReportRepository.cs"
"sp_GetRefundReport","True","G:\PROJECT .NET\SchoolMS\clonelatest\Repositories\Implementations\Fees\FeeReportRepository.cs"
"sp_GetStudentFeeAssignmentsPaged","True","G:\PROJECT .NET\SchoolMS\clonelatest\Repositories\Implementations\Fees\FeeRepositories.cs"
"sp_GetStudentLedgerReport","True","G:\PROJECT .NET\SchoolMS\clonelatest\Repositories\Implementations\Fees\FeeReportRepository.cs"
"sp_GetWaiverReport","True","G:\PROJECT .NET\SchoolMS\clonelatest\Repositories\Implementations\Fees\FeeReportRepository.cs"
"sp_GetGuardianAttendance","False",""
"sp_GetGuardianChildren","True","G:\PROJECT .NET\SchoolMS\clonelatest\Repositories\Implementations\Guardian\GuardianRepository.cs"
"sp_GetGuardianDashboard","True","G:\PROJECT .NET\SchoolMS\clonelatest\Repositories\Implementations\Guardian\GuardianRepository.cs"
"sp_GetGuardianDetails","True","G:\PROJECT .NET\SchoolMS\clonelatest\Repositories\Implementations\Guardian\GuardianRepository.cs"
"sp_GetGuardianFees","False",""
"sp_GetGuardianLeaveApplications","False",""
"sp_GetGuardianList","True","G:\PROJECT .NET\SchoolMS\clonelatest\Repositories\Implementations\Guardian\GuardianRepository.cs"
"sp_GetGuardianNotifications","False",""
"sp_GetGuardianResults","False",""
"sp_VerifyGuardianDataIntegrity","False",""
"sp_GetEmployeeIdCardBulkData","True","G:\PROJECT .NET\SchoolMS\clonelatest\Repositories\Implementations\Identity\IdCardRepository.cs"
"sp_GetEmployeeIdCardList","True","G:\PROJECT .NET\SchoolMS\clonelatest\Repositories\Implementations\Identity\IdCardRepository.cs"
"sp_GetStudentIdCardBulkData","True","G:\PROJECT .NET\SchoolMS\clonelatest\Repositories\Implementations\Identity\IdCardRepository.cs"
"sp_GetStudentIdCardList","True","G:\PROJECT .NET\SchoolMS\clonelatest\Repositories\Implementations\Identity\IdCardRepository.cs"
"sp_BulkImportMarks","False",""
"sp_GetTeacherExportSheet","True","G:\PROJECT .NET\SchoolMS\clonelatest\Repositories\Implementations\Result\TeacherResultRepository.cs"
"sp_GetTeacherMarksEntrySheet","True","G:\PROJECT .NET\SchoolMS\clonelatest\Repositories\Implementations\Result\TeacherResultRepository.cs"
"sp_GetTeacherResultSummary","True","G:\PROJECT .NET\SchoolMS\clonelatest\Repositories\Implementations\Result\TeacherResultRepository.cs"
"sp_LockMarksEntry","False",""
"SP_MarkEntry_GetGrid","False",""
"sp_SaveMarks","False",""
"sp_UnlockMarksEntry","False",""
"sp_Notification_Enqueue","False",""
"sp_BulkGenerateReportCards","False",""
"SP_ReportCard_Generate","False",""
"sp_CalculateExamResults","False",""
"sp_CalculateFinalPositions","False",""
"sp_CalculateMerit","True","G:\PROJECT .NET\SchoolMS\clonelatest\Controllers\Result\AdminResultController.cs"
"sp_CalculateSubjectResults","False",""
"sp_GetReportCard","True","G:\PROJECT .NET\SchoolMS\clonelatest\Repositories\Implementations\Result\StudentExamResultRepository.cs"
"sp_GetResultList","True","G:\PROJECT .NET\SchoolMS\clonelatest\Repositories\Implementations\Result\StudentExamResultRepository.cs"
"sp_GetResultPublicationDashboard","True","G:\PROJECT .NET\SchoolMS\clonelatest\Repositories\Implementations\Result\ResultPublicationRepository.cs"
"sp_GetResultSummary","True","G:\PROJECT .NET\SchoolMS\clonelatest\Controllers\Result\AdminResultController.cs; G:\PROJECT .NET\SchoolMS\clonelatest\Repositories\Implementations\Result\StudentExamResultRepository.cs"
"sp_GetStudentResults","True","G:\PROJECT .NET\SchoolMS\clonelatest\Repositories\Implementations\Result\StudentExamResultRepository.cs"
"sp_GetTranscript","False",""
"sp_PublishResults","True","G:\PROJECT .NET\SchoolMS\clonelatest\Controllers\Result\AdminResultController.cs"
"sp_RecalculateResults","True","G:\PROJECT .NET\SchoolMS\clonelatest\Controllers\Result\AdminResultController.cs"
"sp_UnpublishResults","True","G:\PROJECT .NET\SchoolMS\clonelatest\Controllers\Result\AdminResultController.cs"
"sp_CalculateExamRanking","False",""
"sp_GetExamsForAdmin","False",""
"sp_GetMarkEntrySheet","False",""
"sp_GetRoleList","False",""
"sp_GetClassRoutineGrid","True","G:\PROJECT .NET\SchoolMS\clonelatest\Repositories\Implementations\Routine\RoutineRepositories.cs"
"sp_GetRoomScheduleGrid","True","G:\PROJECT .NET\SchoolMS\clonelatest\Repositories\Implementations\Routine\RoutineRepositories.cs"
"sp_GetRoomUtilization","True","G:\PROJECT .NET\SchoolMS\clonelatest\Repositories\Implementations\Routine\RoutineRepositories.cs"
"sp_GetRoutineAnalytics","True","G:\PROJECT .NET\SchoolMS\clonelatest\Repositories\Implementations\Routine\RoutineRepositories.cs"
"sp_GetRoutineDashboard","True","G:\PROJECT .NET\SchoolMS\clonelatest\Repositories\Implementations\Routine\RoutineRepositories.cs"
"sp_GetRoutineEntriesPaged","True","G:\PROJECT .NET\SchoolMS\clonelatest\Repositories\Implementations\Routine\RoutineRepositories.cs"
"sp_GetTeacherLoadSummary","True","G:\PROJECT .NET\SchoolMS\clonelatest\Repositories\Implementations\Routine\RoutineRepositories.cs"
"sp_GetTeacherRoutineGrid","True","G:\PROJECT .NET\SchoolMS\clonelatest\Repositories\Implementations\Routine\RoutineRepositories.cs"
"sp_GetStudentAssignmentsPaged","False",""
"sp_GetStudentInvoicesPaged","True","G:\PROJECT .NET\SchoolMS\clonelatest\Repositories\Implementations\Fees\StudentFinanceRepository.cs"
"sp_GetStudentLedgerPaged","True","G:\PROJECT .NET\SchoolMS\clonelatest\Repositories\Implementations\Fees\StudentFinanceRepository.cs"
"sp_GetStudentLibraryPaged","False",""
"sp_GetStudentNotificationsPaged","False",""
"sp_GetStudentPaymentsPaged","True","G:\PROJECT .NET\SchoolMS\clonelatest\Repositories\Implementations\Fees\StudentFinanceRepository.cs"
"SP_System_DashboardMetrics","True","G:\PROJECT .NET\SchoolMS\clonelatest\Controllers\Admin\MonitoringController.cs; G:\PROJECT .NET\SchoolMS\clonelatest\Controllers\Admin\SystemHealthController.cs"
"SP_System_DatabaseHealth","True","G:\PROJECT .NET\SchoolMS\clonelatest\Controllers\Admin\SystemHealthController.cs"
"SP_System_VerifyStoredProcedures","False",""
"sp_GetTeacherAssignedExams","True","G:\PROJECT .NET\SchoolMS\clonelatest\Repositories\Implementations\Result\TeacherResultRepository.cs"
"sp_GetTeacherAssignedSubjects","True","G:\PROJECT .NET\SchoolMS\clonelatest\Repositories\Implementations\Result\TeacherResultRepository.cs"
"sp_GetTeacherDashboardMarkStatus","False",""
"sp_GetTeacherDashboardPendingResults","False",""
"sp_GetTeacherDashboardSchedule","False",""
"sp_GetTeacherList","False",""
"sp_GetUserList","False",""
